[
 {
  "hid":1,
  "sid":"PID_CONTROLLER",
  "esid":"",
  "parent":0,
  "children":[
  ],
  "name":"PID_CONTROLLER",
  "fullname":"PID_CONTROLLER",
  "label":"PID_CONTROLLER",
  "icon":"PID_CONTROLLER0",
  "svg":"support/slwebview_files/PID_CONTROLLER_d.svg",
  "thumbnail":"support/slwebview_files/PID_CONTROLLER_d.png",
  "backingUrl":"support/slwebview_files/PID_CONTROLLER_d.json",
  "elements":[
   ":15",
   ":4",
   ":3",
   ":5",
   ":6",
   ":2",
   ":9",
   ":7",
   ":1",
   ":10",
   ":11",
   ":12",
   ":13",
   ":14",
   ":3#out:1",
   ":12#out:1",
   ":5#out:1",
   ":13#out:1",
   ":4#out:1",
   ":14#out:1",
   ":2#out:1",
   ":9#out:1",
   ":7#out:1",
   ":1#out:1",
   ":11#out:1",
   ":6#out:1"
  ],
  "sameAsElement":false
 }
]