[
 {
  "sid":"PID_CONTROLLER",
  "className":"Simulink.BlockDiagram",
  "icon":"PID_CONTROLLER0",
  "name":"PID_CONTROLLER",
  "label":"PID_CONTROLLER",
  "parent":"",
  "inspector":{
   "params":[
    "ModelVersion",
    "LastModifiedDate",
    "LibraryLinkDisplay",
    "ModelBrowserVisibility",
    "Dirty",
    "Description"
   ],
   "values":[
    "1.43",
    "Fri Dec 03 19:23:03 2021",
    "all",
    "off",
    "off",
    ""
   ],
   "tabs":[
   ],
   "tabs_idx":[
   ]
  },
  "viewer":{
   "jshandler":"webview/handlers/ElementHandler"
  },
  "obj_viewer":[
  ],
  "finder":[
  ]
 }
]